-- phpMyAdmin SQL Dump
-- version 3.4.5
-- http://www.phpmyadmin.net
--
-- Host: localhost
-- Generation Time: Jun 17, 2016 at 03:03 PM
-- Server version: 5.5.16
-- PHP Version: 5.3.8

SET SQL_MODE="NO_AUTO_VALUE_ON_ZERO";
SET time_zone = "+00:00";


/*!40101 SET @OLD_CHARACTER_SET_CLIENT=@@CHARACTER_SET_CLIENT */;
/*!40101 SET @OLD_CHARACTER_SET_RESULTS=@@CHARACTER_SET_RESULTS */;
/*!40101 SET @OLD_COLLATION_CONNECTION=@@COLLATION_CONNECTION */;
/*!40101 SET NAMES utf8 */;

--
-- Database: `dr_inventory`
--

-- --------------------------------------------------------

--
-- Table structure for table `inv_brand`
--

CREATE TABLE IF NOT EXISTS `inv_brand` (
  `id` int(22) NOT NULL AUTO_INCREMENT,
  `name` varchar(22) NOT NULL,
  `category_id` int(22) NOT NULL,
  `status` int(22) NOT NULL,
  `created_by` varchar(100) NOT NULL,
  `created_date` date NOT NULL,
  `modified_by` varchar(22) NOT NULL,
  `modified_date` date NOT NULL,
  PRIMARY KEY (`id`)
) ENGINE=InnoDB  DEFAULT CHARSET=latin1 AUTO_INCREMENT=31 ;

--
-- Dumping data for table `inv_brand`
--

INSERT INTO `inv_brand` (`id`, `name`, `category_id`, `status`, `created_by`, `created_date`, `modified_by`, `modified_date`) VALUES
(25, 'Kumar', 41, 1, '', '2016-06-11', '', '0000-00-00'),
(26, 'khghg', 0, 1, '', '2016-06-11', '', '2016-06-11'),
(27, 'test', 42, 1, '', '2016-06-11', '', '2016-06-11'),
(28, 'utesrt', 0, 1, '', '2016-06-11', '', '0000-00-00'),
(29, 'dsfdf', 45, 1, '', '2016-06-16', '', '0000-00-00'),
(30, 'dsds', 0, 1, '', '2016-06-16', '', '0000-00-00');

-- --------------------------------------------------------

--
-- Table structure for table `inv_bucket_inventory`
--

CREATE TABLE IF NOT EXISTS `inv_bucket_inventory` (
  `id` int(10) unsigned NOT NULL AUTO_INCREMENT,
  `store_id` int(22) NOT NULL,
  `buyer_inventory_ref_id` int(10) NOT NULL,
  `ses_id` varchar(255) NOT NULL,
  `category_id` int(11) NOT NULL,
  `brand_id` int(11) NOT NULL,
  `generic_id` int(11) NOT NULL,
  `formof_id` int(11) NOT NULL,
  `strength_id` int(11) NOT NULL,
  `usage_id` int(11) NOT NULL,
  `expire_date` varchar(25) NOT NULL,
  `qty` int(11) NOT NULL,
  `price` double NOT NULL,
  `store_status` tinyint(4) NOT NULL,
  `status` int(11) NOT NULL,
  `created_by` varchar(100) NOT NULL,
  `created_on` date NOT NULL,
  `modified_by` varchar(100) NOT NULL,
  `modified_on` date NOT NULL,
  PRIMARY KEY (`id`)
) ENGINE=InnoDB  DEFAULT CHARSET=latin1 AUTO_INCREMENT=78 ;

--
-- Dumping data for table `inv_bucket_inventory`
--

INSERT INTO `inv_bucket_inventory` (`id`, `store_id`, `buyer_inventory_ref_id`, `ses_id`, `category_id`, `brand_id`, `generic_id`, `formof_id`, `strength_id`, `usage_id`, `expire_date`, `qty`, `price`, `store_status`, `status`, `created_by`, `created_on`, `modified_by`, `modified_on`) VALUES
(72, 19, 14, 'htfjlhputeo3s4jipp2v79gbp6', 44, 27, 7, 9, 5, 9, '06/24/2016', 10, 1.75, 1, 0, 'admin', '2016-06-17', '', '0000-00-00'),
(73, 19, 13, 'htfjlhputeo3s4jipp2v79gbp6', 45, 28, 7, 10, 5, 9, '06/17/2016', 10, 1, 1, 0, 'admin', '2016-06-17', '', '0000-00-00'),
(74, 19, 12, 'htfjlhputeo3s4jipp2v79gbp6', 43, 25, 6, 8, 5, 8, '06/14/2016', 10, 4, 1, 0, 'admin', '2016-06-17', '', '0000-00-00'),
(75, 19, 11, 'htfjlhputeo3s4jipp2v79gbp6', 42, 26, 6, 8, 5, 9, '06/01/2016', 30, 2, 1, 0, 'admin', '2016-06-17', 'admin', '2016-06-17'),
(76, 19, 11, 'htfjlhputeo3s4jipp2v79gbp6', 42, 26, 6, 8, 5, 9, '06/01/2016', 10, 2, 1, 0, 'admin', '2016-06-17', '', '0000-00-00'),
(77, 19, 14, 'htfjlhputeo3s4jipp2v79gbp6', 44, 27, 7, 9, 5, 9, '06/24/2016', 50, 1.75, 1, 0, 'admin', '2016-06-17', '', '0000-00-00');

-- --------------------------------------------------------

--
-- Table structure for table `inv_buyer_inventory`
--

CREATE TABLE IF NOT EXISTS `inv_buyer_inventory` (
  `id` int(10) unsigned NOT NULL AUTO_INCREMENT,
  `category_id` int(11) NOT NULL,
  `brand_id` int(11) NOT NULL,
  `generic_id` int(11) NOT NULL,
  `formof_id` int(11) NOT NULL,
  `strength_id` int(11) NOT NULL,
  `usage_id` int(11) NOT NULL,
  `qty` int(11) NOT NULL,
  `expire_date` varchar(100) NOT NULL,
  `price` double NOT NULL,
  `status` int(11) NOT NULL,
  `created_by` varchar(100) NOT NULL,
  `created_on` date NOT NULL,
  `modified_by` varchar(100) NOT NULL,
  `modified_on` date NOT NULL,
  PRIMARY KEY (`id`)
) ENGINE=InnoDB  DEFAULT CHARSET=latin1 AUTO_INCREMENT=15 ;

--
-- Dumping data for table `inv_buyer_inventory`
--

INSERT INTO `inv_buyer_inventory` (`id`, `category_id`, `brand_id`, `generic_id`, `formof_id`, `strength_id`, `usage_id`, `qty`, `expire_date`, `price`, `status`, `created_by`, `created_on`, `modified_by`, `modified_on`) VALUES
(11, 42, 26, 6, 8, 5, 9, 0, '06/01/2016', 2, 1, '', '2016-06-16', '', '2016-06-17'),
(12, 43, 25, 6, 8, 5, 8, 0, '06/14/2016', 4, 1, '', '2016-06-16', '', '2016-06-17'),
(13, 45, 28, 7, 10, 5, 9, 50, '06/17/2016', 1, 1, '', '2016-06-16', '', '2016-06-17'),
(14, 44, 27, 7, 9, 5, 9, 0, '06/24/2016', 1.75, 1, '', '2016-06-16', '', '2016-06-17');

-- --------------------------------------------------------

--
-- Table structure for table `inv_category`
--

CREATE TABLE IF NOT EXISTS `inv_category` (
  `id` int(22) NOT NULL AUTO_INCREMENT,
  `name` varchar(22) NOT NULL,
  `status` tinyint(22) NOT NULL,
  `created_by` varchar(22) NOT NULL,
  `created_date` date NOT NULL,
  `modified_by` varchar(22) NOT NULL,
  `modified_date` date NOT NULL,
  PRIMARY KEY (`id`)
) ENGINE=InnoDB  DEFAULT CHARSET=latin1 AUTO_INCREMENT=47 ;

--
-- Dumping data for table `inv_category`
--

INSERT INTO `inv_category` (`id`, `name`, `status`, `created_by`, `created_date`, `modified_by`, `modified_date`) VALUES
(41, 'Oral Medicine', 1, '2016-06-11 12:20:28', '2016-06-11', '', '0000-00-00'),
(42, 'Rectal', 1, '2016-06-11 12:20:56', '2016-06-11', '', '0000-00-00'),
(43, 'Topical', 1, '2016-06-11 12:22:00', '2016-06-11', '', '0000-00-00'),
(44, 'Injection', 1, '2016-06-11 12:22:20', '2016-06-11', '', '0000-00-00'),
(45, 'Inhalation', 1, '2016-06-11 12:22:41', '2016-06-11', '', '0000-00-00'),
(46, 'Materials', 1, '2016-06-11 12:23:10', '2016-06-11', '', '0000-00-00');

-- --------------------------------------------------------

--
-- Table structure for table `inv_division`
--

CREATE TABLE IF NOT EXISTS `inv_division` (
  `pid` int(11) NOT NULL AUTO_INCREMENT,
  `name` varchar(255) NOT NULL,
  `shortorder` int(11) NOT NULL,
  `status` int(11) NOT NULL DEFAULT '1',
  `created_on` timestamp NOT NULL DEFAULT CURRENT_TIMESTAMP ON UPDATE CURRENT_TIMESTAMP,
  `modified_on` timestamp NOT NULL DEFAULT '0000-00-00 00:00:00',
  `create_by` int(11) NOT NULL,
  PRIMARY KEY (`pid`)
) ENGINE=InnoDB  DEFAULT CHARSET=latin1 AUTO_INCREMENT=20 ;

--
-- Dumping data for table `inv_division`
--

INSERT INTO `inv_division` (`pid`, `name`, `shortorder`, `status`, `created_on`, `modified_on`, `create_by`) VALUES
(1, 'Ayeyarwady', 0, 1, '0000-00-00 00:00:00', '0000-00-00 00:00:00', 0),
(2, 'Bago East', 0, 1, '0000-00-00 00:00:00', '0000-00-00 00:00:00', 0),
(3, 'Bago West', 0, 1, '0000-00-00 00:00:00', '0000-00-00 00:00:00', 0),
(4, 'Kachin State', 0, 1, '0000-00-00 00:00:00', '0000-00-00 00:00:00', 0),
(5, 'Chin', 1, 1, '2016-02-17 01:58:06', '0000-00-00 00:00:00', 1),
(6, 'yangon', 2, 1, '2016-02-18 03:01:38', '0000-00-00 00:00:00', 71),
(7, 'Kayah State', 7, 1, '0000-00-00 00:00:00', '0000-00-00 00:00:00', 48),
(8, 'Kayin State', 8, 1, '0000-00-00 00:00:00', '0000-00-00 00:00:00', 58),
(9, 'Magway Division', 9, 1, '0000-00-00 00:00:00', '0000-00-00 00:00:00', 68),
(10, 'Mandalay', 10, 1, '0000-00-00 00:00:00', '0000-00-00 00:00:00', 78),
(11, 'Mon', 11, 1, '0000-00-00 00:00:00', '0000-00-00 00:00:00', 89),
(12, 'Rakhine', 12, 1, '0000-00-00 00:00:00', '0000-00-00 00:00:00', 99),
(13, 'Shan State (East)', 13, 1, '0000-00-00 00:00:00', '0000-00-00 00:00:00', 109),
(14, 'Sagaing', 14, 1, '0000-00-00 00:00:00', '0000-00-00 00:00:00', 119),
(15, 'Shan State (North)', 15, 1, '0000-00-00 00:00:00', '0000-00-00 00:00:00', 130),
(16, 'Shan State (South)', 16, 1, '0000-00-00 00:00:00', '0000-00-00 00:00:00', 140),
(17, 'Tanintharyi', 17, 1, '0000-00-00 00:00:00', '0000-00-00 00:00:00', 150),
(18, 'Dummy', 18, 1, '2016-03-09 00:08:28', '0000-00-00 00:00:00', 71),
(19, 'Nay Pyi Taw', 19, 1, '2016-03-21 11:24:16', '0000-00-00 00:00:00', 82);

-- --------------------------------------------------------

--
-- Table structure for table `inv_form_of_medicine`
--

CREATE TABLE IF NOT EXISTS `inv_form_of_medicine` (
  `id` int(22) NOT NULL AUTO_INCREMENT,
  `form_of_medicine_name` varchar(22) NOT NULL,
  `category_id` int(11) NOT NULL,
  `status` int(11) NOT NULL,
  `created_by` varchar(22) NOT NULL,
  `created_date` date NOT NULL,
  `modified_by` varchar(22) NOT NULL,
  `modified_date` date NOT NULL,
  PRIMARY KEY (`id`)
) ENGINE=InnoDB  DEFAULT CHARSET=latin1 AUTO_INCREMENT=11 ;

--
-- Dumping data for table `inv_form_of_medicine`
--

INSERT INTO `inv_form_of_medicine` (`id`, `form_of_medicine_name`, `category_id`, `status`, `created_by`, `created_date`, `modified_by`, `modified_date`) VALUES
(8, 'A', 41, 1, '', '2016-06-11', '', '0000-00-00'),
(9, 'M', 45, 1, '', '2016-06-11', '', '2016-06-11'),
(10, 'K', 0, 1, '', '2016-06-13', '', '2016-06-13');

-- --------------------------------------------------------

--
-- Table structure for table `inv_generic_name`
--

CREATE TABLE IF NOT EXISTS `inv_generic_name` (
  `id` int(22) NOT NULL AUTO_INCREMENT,
  `generic_name` varchar(22) NOT NULL,
  `category_id` int(11) NOT NULL,
  `status` int(11) NOT NULL,
  `created_by` varchar(22) NOT NULL,
  `created_date` date NOT NULL,
  `modified_by` varchar(22) NOT NULL,
  `modified_date` date NOT NULL,
  PRIMARY KEY (`id`)
) ENGINE=InnoDB  DEFAULT CHARSET=latin1 AUTO_INCREMENT=8 ;

--
-- Dumping data for table `inv_generic_name`
--

INSERT INTO `inv_generic_name` (`id`, `generic_name`, `category_id`, `status`, `created_by`, `created_date`, `modified_by`, `modified_date`) VALUES
(6, 'AMKH', 46, 1, '', '2016-06-11', '', '2016-06-11'),
(7, 'MSA', 0, 1, '', '2016-06-11', '', '2016-06-11');

-- --------------------------------------------------------

--
-- Table structure for table `inv_mohit_inventory`
--

CREATE TABLE IF NOT EXISTS `inv_mohit_inventory` (
  `id` int(10) unsigned NOT NULL AUTO_INCREMENT,
  `store_id` int(22) NOT NULL,
  `bucket_inventory_ref_id` int(10) NOT NULL,
  `ses_id` varchar(255) NOT NULL,
  `category_id` int(11) NOT NULL,
  `brand_id` int(11) NOT NULL,
  `generic_id` int(11) NOT NULL,
  `formof_id` int(11) NOT NULL,
  `strength_id` int(11) NOT NULL,
  `usage_id` int(11) NOT NULL,
  `expire_date` varchar(25) NOT NULL,
  `qty` int(11) NOT NULL,
  `price` double NOT NULL,
  `store_status` tinyint(4) NOT NULL,
  `status` int(11) NOT NULL,
  `created_by` varchar(100) NOT NULL,
  `created_on` date NOT NULL,
  `modified_by` varchar(100) NOT NULL,
  `modified_on` date NOT NULL,
  PRIMARY KEY (`id`)
) ENGINE=InnoDB  DEFAULT CHARSET=latin1 AUTO_INCREMENT=29 ;

--
-- Dumping data for table `inv_mohit_inventory`
--

INSERT INTO `inv_mohit_inventory` (`id`, `store_id`, `bucket_inventory_ref_id`, `ses_id`, `category_id`, `brand_id`, `generic_id`, `formof_id`, `strength_id`, `usage_id`, `expire_date`, `qty`, `price`, `store_status`, `status`, `created_by`, `created_on`, `modified_by`, `modified_on`) VALUES
(25, 19, 72, 'htfjlhputeo3s4jipp2v79gbp6', 44, 27, 7, 9, 5, 9, '06/24/2016', 60, 1.75, 0, 0, 'admin', '2016-06-17', 'admin', '2016-06-17'),
(26, 19, 73, 'htfjlhputeo3s4jipp2v79gbp6', 45, 28, 7, 10, 5, 9, '06/17/2016', 10, 1, 0, 0, 'admin', '2016-06-17', '', '0000-00-00'),
(27, 19, 74, 'htfjlhputeo3s4jipp2v79gbp6', 43, 25, 6, 8, 5, 8, '06/14/2016', 10, 4, 0, 0, 'admin', '2016-06-17', '', '0000-00-00'),
(28, 19, 75, 'htfjlhputeo3s4jipp2v79gbp6', 42, 26, 6, 8, 5, 9, '06/01/2016', 20, 2, 0, 0, 'admin', '2016-06-17', 'admin', '2016-06-17');

-- --------------------------------------------------------

--
-- Table structure for table `inv_stores`
--

CREATE TABLE IF NOT EXISTS `inv_stores` (
  `id` int(11) NOT NULL AUTO_INCREMENT,
  `name` varchar(22) NOT NULL,
  `division` int(22) NOT NULL,
  `township` int(22) NOT NULL,
  `pin` varchar(22) NOT NULL,
  `address` text NOT NULL,
  `telephone` int(22) NOT NULL,
  `contact_person_name` varchar(22) NOT NULL,
  `contact_person_email` varchar(255) NOT NULL,
  `contact_person_mobile` varchar(100) NOT NULL,
  `status` int(11) NOT NULL,
  `created_by` varchar(22) NOT NULL,
  `created_date` date NOT NULL,
  `modified_date` date NOT NULL,
  `modified_by` varchar(22) NOT NULL,
  PRIMARY KEY (`id`)
) ENGINE=InnoDB  DEFAULT CHARSET=latin1 AUTO_INCREMENT=20 ;

--
-- Dumping data for table `inv_stores`
--

INSERT INTO `inv_stores` (`id`, `name`, `division`, `township`, `pin`, `address`, `telephone`, `contact_person_name`, `contact_person_email`, `contact_person_mobile`, `status`, `created_by`, `created_date`, `modified_date`, `modified_by`) VALUES
(19, 'mohit', 3, 1, '35355', 'Mayanmaar', 2147483647, 'test name', 'test@gmail.com', '666838', 1, '', '2016-06-17', '0000-00-00', '');

-- --------------------------------------------------------

--
-- Table structure for table `inv_strength_of_medicine`
--

CREATE TABLE IF NOT EXISTS `inv_strength_of_medicine` (
  `id` int(22) NOT NULL AUTO_INCREMENT,
  `strength_of_medicine_name` varchar(22) NOT NULL,
  `category_id` int(11) NOT NULL,
  `status` int(11) NOT NULL,
  `created_by` varchar(22) NOT NULL,
  `created_date` date NOT NULL,
  `modified_by` varchar(22) NOT NULL,
  `modified_date` date NOT NULL,
  PRIMARY KEY (`id`)
) ENGINE=InnoDB  DEFAULT CHARSET=latin1 AUTO_INCREMENT=7 ;

--
-- Dumping data for table `inv_strength_of_medicine`
--

INSERT INTO `inv_strength_of_medicine` (`id`, `strength_of_medicine_name`, `category_id`, `status`, `created_by`, `created_date`, `modified_by`, `modified_date`) VALUES
(5, 'AW', 41, 1, '', '2016-06-13', '', '2016-06-13'),
(6, 'TRE', 46, 0, '', '2016-06-13', '', '0000-00-00');

-- --------------------------------------------------------

--
-- Table structure for table `inv_township`
--

CREATE TABLE IF NOT EXISTS `inv_township` (
  `pid` int(11) NOT NULL AUTO_INCREMENT,
  `division_id` int(11) NOT NULL,
  `name` varchar(255) NOT NULL,
  `postal_code` varchar(255) NOT NULL,
  `shortorder` int(11) NOT NULL,
  `status` int(11) NOT NULL DEFAULT '1',
  `created_on` timestamp NOT NULL DEFAULT CURRENT_TIMESTAMP ON UPDATE CURRENT_TIMESTAMP,
  `modified_on` timestamp NOT NULL DEFAULT '0000-00-00 00:00:00',
  `create_by` int(11) NOT NULL,
  PRIMARY KEY (`pid`)
) ENGINE=InnoDB  DEFAULT CHARSET=latin1 AUTO_INCREMENT=367 ;

--
-- Dumping data for table `inv_township`
--

INSERT INTO `inv_township` (`pid`, `division_id`, `name`, `postal_code`, `shortorder`, `status`, `created_on`, `modified_on`, `create_by`) VALUES
(1, 1, 'Bogalay', '102301', 0, 1, '2016-02-25 01:48:31', '0000-00-00 00:00:00', 0),
(2, 1, 'Danuphyu', '10151', 0, 1, '2016-02-25 01:49:48', '0000-00-00 00:00:00', 0),
(3, 2, 'Bago', '08011', 0, 1, '2016-02-25 02:22:37', '0000-00-00 00:00:00', 0),
(4, 2, 'Daik-U', '08061', 0, 1, '2016-02-25 02:24:52', '0000-00-00 00:00:00', 0),
(5, 3, 'Gyobingauk', '08231', 0, 1, '2016-02-25 02:43:00', '0000-00-00 00:00:00', 0),
(6, 3, 'Letpadan', '08271', 0, 1, '2016-02-25 02:44:40', '0000-00-00 00:00:00', 0),
(9, 5, 'Falam', '03031', 1, 1, '2016-02-25 03:53:53', '0000-00-00 00:00:00', 1),
(10, 5, 'Hakha', '03011', 2, 1, '2016-02-25 03:35:04', '0000-00-00 00:00:00', 1),
(11, 6, 'Ahlone', '11121', 3, 1, '2016-02-26 00:02:40', '0000-00-00 00:00:00', 71),
(12, 6, 'Insein', '11011', 4, 1, '2016-02-25 23:58:26', '0000-00-00 00:00:00', 81),
(13, 6, 'Bahan', '11201', 5, 1, '2016-02-25 23:56:31', '0000-00-00 00:00:00', 81),
(14, 6, 'Mayangone', '11062', 6, 1, '2016-02-25 23:54:14', '0000-00-00 00:00:00', 81),
(15, 6, 'Pabedan', '11141', 7, 1, '2016-02-25 23:53:00', '0000-00-00 00:00:00', 81),
(16, 6, 'Botahtaung', '11161', 8, 1, '2016-02-25 23:52:15', '0000-00-00 00:00:00', 81),
(17, 6, 'Dagon ', '11191', 9, 1, '2016-02-25 05:25:23', '0000-00-00 00:00:00', 81),
(18, 6, 'Dagon Myothit (North)', '11421', 10, 1, '2016-02-25 05:24:39', '0000-00-00 00:00:00', 81),
(19, 6, 'Dagon Myothit (South)', '11431', 11, 1, '2016-02-25 05:23:14', '0000-00-00 00:00:00', 81),
(20, 6, 'Dawbon', '11241', 12, 1, '2016-02-25 05:21:38', '0000-00-00 00:00:00', 81),
(21, 6, 'Hlaing', '11051', 13, 1, '2016-02-25 05:20:40', '0000-00-00 00:00:00', 81),
(31, 6, 'Pazundaung', '11171', 23, 1, '2016-02-25 05:04:45', '0000-00-00 00:00:00', 81),
(32, 6, 'Yankin', '11082', 24, 1, '2016-02-25 05:04:13', '0000-00-00 00:00:00', 81),
(33, 6, 'Sanchaung', '11111', 25, 1, '2016-02-25 05:00:20', '0000-00-00 00:00:00', 81),
(34, 6, 'ShwePyiThar', '11411', 26, 1, '2016-02-25 04:58:08', '0000-00-00 00:00:00', 81),
(44, 17, 'Bokpyin', '14081', 36, 1, '2016-02-22 00:20:29', '0000-00-00 00:00:00', 1),
(45, 17, 'Dawei', '14011', 37, 1, '2016-02-22 00:20:10', '0000-00-00 00:00:00', 1),
(46, 17, 'Kawthoung', '14091', 38, 1, '2016-02-22 00:19:36', '0000-00-00 00:00:00', 1),
(47, 17, 'Kyunsu', '14101', 39, 1, '2016-02-22 00:19:08', '0000-00-00 00:00:00', 1),
(48, 17, 'Laung lon', '14041', 40, 1, '2016-02-22 00:18:28', '0000-00-00 00:00:00', 1),
(49, 17, 'Myeik', '14051', 41, 1, '2016-02-22 00:17:48', '0000-00-00 00:00:00', 1),
(50, 17, 'Palaw', '14062', 42, 1, '2016-02-22 00:15:57', '0000-00-00 00:00:00', 1),
(51, 17, 'Tanintharyi', '14071', 43, 1, '2016-02-22 00:11:05', '0000-00-00 00:00:00', 1),
(52, 17, 'Tha yet chaung', '14031', 44, 1, '2016-02-22 00:07:34', '0000-00-00 00:00:00', 1),
(53, 17, 'Yay phyu', '14021', 45, 1, '2016-02-22 00:05:40', '0000-00-00 00:00:00', 1),
(54, 5, 'Htantalang', '03021', 46, 1, '2016-02-25 03:24:40', '0000-00-00 00:00:00', 1),
(55, 5, 'Kanpetlet', '03081', 47, 1, '2016-02-25 03:23:23', '0000-00-00 00:00:00', 1),
(56, 5, 'Madupi', '03061', 48, 1, '2016-02-25 03:22:54', '0000-00-00 00:00:00', 1),
(57, 5, 'Mindat', '03071', 49, 1, '2016-02-25 03:22:06', '0000-00-00 00:00:00', 1),
(59, 5, 'Teetain', '03041', 51, 1, '2016-02-25 03:19:41', '0000-00-00 00:00:00', 1),
(60, 5, 'Tonzan', '03051', 52, 1, '2016-02-25 03:17:25', '0000-00-00 00:00:00', 1),
(61, 11, 'Be lin', '12031', 53, 1, '2016-02-25 04:05:14', '0000-00-00 00:00:00', 1),
(62, 11, 'Chaung sone', '12061', 54, 1, '2016-02-25 04:04:19', '0000-00-00 00:00:00', 1),
(63, 11, 'Kyite Ma yaw', '12071', 55, 1, '2016-02-25 04:03:26', '0000-00-00 00:00:00', 1),
(64, 11, 'Kyite Hto', '12021', 56, 1, '2016-02-25 03:32:17', '0000-00-00 00:00:00', 1),
(65, 11, 'Mawlamyine', '12011', 57, 1, '2016-02-25 03:30:04', '0000-00-00 00:00:00', 1),
(66, 11, 'Mu done', '12081', 58, 1, '2016-02-25 03:19:43', '0000-00-00 00:00:00', 1),
(67, 11, 'Paung', '12051', 59, 1, '2016-02-25 03:20:50', '0000-00-00 00:00:00', 1),
(68, 11, 'Than phyu zayat', '12091', 60, 1, '2016-02-25 03:14:09', '0000-00-00 00:00:00', 1),
(69, 11, 'Thaton', '12041', 61, 1, '2016-02-25 03:13:25', '0000-00-00 00:00:00', 1),
(70, 11, 'Yay', '12101', 62, 1, '2016-02-25 03:12:57', '0000-00-00 00:00:00', 1),
(71, 6, 'Cocokyun', '11281', 63, 0, '2016-02-25 04:56:46', '0000-00-00 00:00:00', 1),
(72, 6, 'Dagon Myothit(East)', '11451', 64, 1, '2016-02-25 04:55:27', '0000-00-00 00:00:00', 1),
(73, 6, 'Dagon Myothit(Seikkan)', '11441', 65, 1, '2016-02-25 04:52:29', '0000-00-00 00:00:00', 1),
(74, 6, 'Dala', '11261', 66, 1, '2016-02-25 04:48:11', '0000-00-00 00:00:00', 1),
(75, 6, 'Hlegu', '11371', 67, 1, '2016-02-25 04:46:23', '0000-00-00 00:00:00', 1),
(76, 6, 'Hmawbi', '11361', 68, 1, '2016-02-25 04:44:25', '0000-00-00 00:00:00', 1),
(77, 6, 'Htantabin', '11391', 69, 1, '2016-02-25 04:41:48', '0000-00-00 00:00:00', 1),
(78, 6, 'Kamaryut', '11041', 70, 1, '2016-02-25 04:39:22', '0000-00-00 00:00:00', 1),
(79, 6, 'Kawhmu', '11351', 71, 1, '2016-02-25 04:37:37', '0000-00-00 00:00:00', 1),
(80, 6, 'Kayan', '11321', 72, 1, '2016-02-25 04:32:20', '0000-00-00 00:00:00', 1),
(81, 6, 'Kwangyangon', '11341', 73, 1, '2016-02-25 04:45:33', '0000-00-00 00:00:00', 1),
(82, 6, 'Kyeemyindaing', '11101', 74, 1, '2016-02-25 04:30:04', '0000-00-00 00:00:00', 1),
(83, 6, 'Latha', '11131', 75, 1, '2016-02-25 04:39:52', '0000-00-00 00:00:00', 1),
(84, 6, 'Mingaladon', '11021', 76, 1, '2016-02-25 04:20:10', '0000-00-00 00:00:00', 1),
(85, 6, 'North Okkalapa', '11031', 77, 1, '2016-02-25 04:19:15', '0000-00-00 00:00:00', 1),
(86, 6, 'Seikgyikanaungto', '11271', 78, 1, '2016-02-25 04:18:33', '0000-00-00 00:00:00', 1),
(87, 6, 'Seikkan', '11441', 79, 1, '2016-02-25 04:28:49', '0000-00-00 00:00:00', 1),
(88, 6, 'South Okkalapa', '11091', 80, 1, '2016-02-25 04:12:59', '0000-00-00 00:00:00', 1),
(89, 6, 'Tikegyi', '11381', 81, 1, '2016-02-25 04:11:56', '0000-00-00 00:00:00', 1),
(90, 6, 'Thakata', '11231', 82, 1, '2016-02-25 04:10:50', '0000-00-00 00:00:00', 1),
(91, 6, 'Thanlyin', '11291', 83, 1, '2016-02-25 04:08:44', '0000-00-00 00:00:00', 1),
(92, 6, 'Thingangyun', '11071', 84, 1, '2016-02-25 04:07:28', '0000-00-00 00:00:00', 1),
(93, 6, 'Thongwa', '11311', 85, 1, '2016-02-25 04:06:11', '0000-00-00 00:00:00', 1),
(94, 6, 'Twontay', '11331', 86, 1, '2016-02-25 04:05:06', '0000-00-00 00:00:00', 1),
(95, 6, 'Hlaingtharya', '11401', 87, 1, '2016-02-25 04:04:06', '0000-00-00 00:00:00', 1),
(97, 15, 'Ho pang', '06391', 89, 1, '2016-02-24 22:53:18', '0000-00-00 00:00:00', 1),
(98, 15, 'Hseni á€žá€­á‚á¶á€®', '06361', 90, 1, '2016-02-24 22:54:48', '0000-00-00 00:00:00', 1),
(99, 15, 'thi paw', '06341', 91, 1, '2016-02-24 22:52:37', '0000-00-00 00:00:00', 1),
(100, 15, 'Kon kyan á€€á€¯á€”á€¹á€¸á¾á€€á€™á€¹á€¸', '06531', 92, 1, '2016-02-24 22:49:48', '0000-00-00 00:00:00', 1),
(101, 15, 'Kunlong', '06381', 93, 1, '2016-02-24 22:45:27', '0000-00-00 00:00:00', 1),
(102, 15, 'Kut khine', '06372', 94, 1, '2016-02-24 22:44:58', '0000-00-00 00:00:00', 1),
(103, 15, 'Kyuak me', '06321', 95, 1, '2016-02-24 22:44:10', '0000-00-00 00:00:00', 1),
(104, 15, 'Lashio', '06301', 96, 1, '2016-02-24 22:40:56', '0000-00-00 00:00:00', 1),
(105, 15, 'Lauk kaing', '06481', 97, 1, '2016-02-24 22:37:11', '0000-00-00 00:00:00', 1),
(106, 15, 'Ma bein á€™á€˜á€­á€™á€¹á€¸', '06451', 98, 1, '2016-02-24 22:36:16', '0000-00-00 00:00:00', 1),
(107, 15, 'Man ton (á€™á€”á€¹á€á€¶á€¯)', '06541', 99, 1, '2016-02-24 22:32:33', '0000-00-00 00:00:00', 1),
(108, 15, 'Mai Maw (á€™á€­á€¯á€„á€¹á€¸á€±á€™á€¬á€±á€’á€ž)', '06521', 100, 1, '2016-02-24 22:34:26', '0000-00-00 00:00:00', 1),
(109, 15, 'Moe mate', '06441', 101, 1, '2016-02-24 22:30:56', '0000-00-00 00:00:00', 1),
(110, 15, 'Mai Yae (á€™á€­á€¯á€„á€¹á€¸á€›á€šá€¹)', '06421', 102, 1, '2016-02-24 22:29:51', '0000-00-00 00:00:00', 1),
(111, 15, 'Mu Se (á€™á€°á€†á€šá€¹)', '06401', 103, 1, '2016-02-24 22:04:49', '0000-00-00 00:00:00', 1),
(112, 15, 'Nam san', '06331', 104, 1, '2016-02-24 22:01:39', '0000-00-00 00:00:00', 1),
(113, 15, 'Nar Phant (á€”á€¬á€¸á€–á€”á€¹á€·)', '06511', 105, 1, '2016-02-24 22:03:51', '0000-00-00 00:00:00', 1),
(114, 15, 'Namtu', '06352', 106, 1, '2016-02-24 21:59:11', '0000-00-00 00:00:00', 1),
(115, 15, 'Nam kan', '06411', 107, 1, '2016-02-24 21:58:35', '0000-00-00 00:00:00', 1),
(116, 15, 'Naung Cho (á€±á€”á€¬á€„á€¹á€ á€ºá€­á€´  )', '06311', 108, 1, '2016-02-24 21:56:50', '0000-00-00 00:00:00', 1),
(117, 15, 'Pang sang (á€•á€”á€¹á€†á€”á€¹á€¸)', '06491', 109, 1, '2016-02-24 21:49:41', '0000-00-00 00:00:00', 1),
(118, 15, 'Pan waun(á€•á€”á€¹á€á€­á€¯á€„á€¹á€±á€’á€ž)', '06501', 110, 1, '2016-02-24 21:48:38', '0000-00-00 00:00:00', 1),
(119, 15, 'Tangyan', 'MMR015004', 111, 1, '2016-02-18 06:42:31', '0000-00-00 00:00:00', 1),
(120, 16, 'Si sine', '06101', 112, 1, '2016-02-22 01:47:28', '0000-00-00 00:00:00', 1),
(121, 16, 'ho pone', '06091', 113, 1, '2016-02-22 01:48:43', '0000-00-00 00:00:00', 1),
(122, 16, 'Kalaw', '06021', 114, 1, '2016-02-22 01:46:20', '0000-00-00 00:00:00', 1),
(123, 16, 'Kun hein (á€€á€¼á€”á€¹á€Ÿá€­á€”á€¹á€¸)', '06211', 115, 1, '2016-02-22 01:28:57', '0000-00-00 00:00:00', 1),
(124, 16, 'Kyay Thi (á€±á€€ á€ºá€¸á€žá€®)', '06151', 116, 1, '2016-02-22 01:25:05', '0000-00-00 00:00:00', 1),
(125, 16, 'Lai Khae', '06191', 117, 1, '2016-02-22 01:23:10', '0000-00-00 00:00:00', 1),
(126, 16, 'Lae char (á€œá€²á€á€ºá€¬)', '06121', 118, 1, '2016-02-22 01:22:41', '0000-00-00 00:00:00', 1),
(127, 16, 'yat saut ( á€›á€•á€¹á€±á€…á€¬á€€á€¹)', '06071', 119, 1, '2016-02-22 01:20:38', '0000-00-00 00:00:00', 1),
(128, 16, 'Loi lin', '06111', 120, 1, '2016-02-22 01:19:22', '0000-00-00 00:00:00', 1),
(129, 16, 'Mauk mae ( á€±á€™á€¬á€€á€¹á€™á€šá€¹)', '06181', 121, 1, '2016-02-22 00:34:59', '0000-00-00 00:00:00', 1),
(130, 16, 'Mine shu (á€™á€­á€¯á€„á€¹á€¸á€›á€½á€´ á€¸)', '06141', 122, 1, '2016-02-22 00:33:54', '0000-00-00 00:00:00', 1),
(131, 16, 'Mine kine (á€™á€­á€¯á€„á€¹á€¸á€€á€­á€¯á€„á€¹)', '06131', 123, 1, '2016-02-22 00:32:46', '0000-00-00 00:00:00', 1),
(132, 16, 'Moe Nae ( á€™á€­á€¯á€¸á€”á€²)', '06171', 124, 1, '2016-02-22 00:30:42', '0000-00-00 00:00:00', 1),
(133, 16, 'Mong pan(á€™á€­á€¯á€„á€¹á€¸á€•á€”á€¹)', '06201', 125, 1, '2016-02-22 00:29:35', '0000-00-00 00:00:00', 1),
(134, 16, 'Nansang ( á€”á€™á€¹á€·á€…á€™á€¹)', '06161', 126, 1, '2016-02-22 00:27:56', '0000-00-00 00:00:00', 1),
(135, 16, 'Nyaung shwe', '06081', 127, 1, '2016-02-22 00:26:59', '0000-00-00 00:00:00', 1),
(136, 16, 'Pekon (á€–á€šá€¹á€á€¶á€¯ )', '06061', 128, 1, '2016-02-22 00:26:07', '0000-00-00 00:00:00', 1),
(137, 16, 'Pindaya', '06031', 129, 1, '2016-02-22 00:24:17', '0000-00-00 00:00:00', 1),
(138, 16, 'Pin laung', '06051', 130, 1, '2016-02-22 00:23:23', '0000-00-00 00:00:00', 1),
(139, 16, 'Taunggyi', '06011', 131, 1, '2016-02-22 00:23:51', '0000-00-00 00:00:00', 1),
(140, 16, 'Ywa ngan', '06041', 132, 1, '2016-02-22 00:22:18', '0000-00-00 00:00:00', 1),
(141, 14, 'Ayadaw', 'MMR005014', 133, 1, '2016-02-18 06:52:01', '0000-00-00 00:00:00', 1),
(142, 14, 'Banmauk', 'MMR005023', 134, 1, '2016-02-18 06:52:18', '0000-00-00 00:00:00', 1),
(143, 14, 'Budalin', 'MMR005013', 135, 1, '2016-02-18 06:52:34', '0000-00-00 00:00:00', 1),
(144, 14, 'Chaung-U', 'MMR005015', 136, 1, '2016-02-18 06:52:50', '0000-00-00 00:00:00', 1),
(145, 14, 'Hkamti', 'MMR005033', 137, 1, '2016-02-18 06:53:04', '0000-00-00 00:00:00', 1),
(146, 14, 'Homalin', 'MMR005034', 138, 1, '2016-02-18 06:53:22', '0000-00-00 00:00:00', 1),
(147, 14, 'Indaw', 'MMR005021', 139, 1, '2016-02-18 06:53:38', '0000-00-00 00:00:00', 1),
(148, 14, 'Kale', 'MMR005027', 140, 1, '2016-02-18 06:53:55', '0000-00-00 00:00:00', 1),
(149, 14, 'Kalewa', 'MMR005028', 141, 1, '2016-02-18 06:54:09', '0000-00-00 00:00:00', 1),
(150, 14, 'Kanbalu', 'MMR005007', 142, 1, '2016-02-18 06:54:28', '0000-00-00 00:00:00', 1),
(151, 14, 'Kani', 'MMR005017', 143, 1, '2016-02-18 06:54:43', '0000-00-00 00:00:00', 1),
(152, 14, 'Katha', 'MMR005020', 144, 1, '2016-02-18 06:55:00', '0000-00-00 00:00:00', 1),
(153, 14, 'Kawlin', '02181', 145, 1, '2016-02-25 01:13:37', '0000-00-00 00:00:00', 1),
(154, 14, 'Khin-U', '02231', 146, 1, '2016-02-25 01:12:28', '0000-00-00 00:00:00', 1),
(155, 14, 'Kyunhla', '02201', 147, 1, '2016-02-25 01:12:41', '0000-00-00 00:00:00', 1),
(156, 14, 'Lahe', '02021', 148, 1, '2016-02-25 01:11:43', '0000-00-00 00:00:00', 1),
(157, 14, 'Lay Shi', '02041', 149, 1, '2016-02-25 01:11:26', '0000-00-00 00:00:00', 1),
(158, 14, 'Maw lite', '02081', 150, 1, '2016-02-25 01:09:34', '0000-00-00 00:00:00', 1),
(159, 14, 'Min kin', '02111', 151, 1, '2016-02-25 01:08:55', '0000-00-00 00:00:00', 1),
(160, 14, 'Monywa', '02301', 152, 1, '2016-02-25 01:08:28', '0000-00-00 00:00:00', 1),
(161, 14, 'Myaung á€±á€»á€™á€¬á€„á€¹', '02381', 153, 1, '2016-02-25 01:08:10', '0000-00-00 00:00:00', 1),
(162, 14, 'Myinmu', '02341', 154, 1, '2016-02-25 01:07:39', '0000-00-00 00:00:00', 1),
(163, 14, 'Nan yun (á€”á€”á€¹á€¸á€šá€¼á€”á€¹á€¸)', '02011', 155, 1, '2016-02-25 01:06:54', '0000-00-00 00:00:00', 1),
(164, 14, 'Pa le', '02351', 156, 1, '2016-02-25 01:07:10', '0000-00-00 00:00:00', 1),
(165, 14, 'Phaung pyin', '02061', 157, 1, '2016-02-25 01:01:56', '0000-00-00 00:00:00', 1),
(166, 14, 'Pinlebu (á€•á€„á€¹á€œá€šá€¹á€˜á€°á€¸)', '02161', 158, 1, '2016-02-24 23:52:13', '0000-00-00 00:00:00', 1),
(167, 14, 'Sagaing', '02371', 159, 1, '2016-02-24 23:52:28', '0000-00-00 00:00:00', 1),
(168, 14, 'Sar lin gyi', '02321', 160, 1, '2016-02-24 23:50:33', '0000-00-00 00:00:00', 1),
(169, 14, 'Shwebo', '02261', 161, 1, '2016-02-24 23:50:02', '0000-00-00 00:00:00', 1),
(170, 14, 'De Pae Yin', '02251', 162, 1, '2016-02-24 23:49:21', '0000-00-00 00:00:00', 1),
(171, 14, 'Tamu', '02071', 163, 1, '2016-02-24 23:47:58', '0000-00-00 00:00:00', 1),
(172, 14, 'Tant se (á€á€”á€¹á‚”á€†á€Šá€¹)', '02221', 164, 1, '2016-02-24 23:49:08', '0000-00-00 00:00:00', 1),
(173, 14, 'hti gyint (á€‘á€®á€¸á€á€ºá€­á€³á€„á€¹á€·)', '02191', 165, 1, '2016-02-24 23:46:30', '0000-00-00 00:00:00', 1),
(174, 14, 'Wet let', '02281', 166, 1, '2016-02-24 23:46:55', '0000-00-00 00:00:00', 1),
(175, 14, 'Wuntho', '02171', 167, 1, '2016-02-24 23:45:05', '0000-00-00 00:00:00', 1),
(176, 14, 'Ye-U', '02241', 168, 1, '2016-02-24 23:44:53', '0000-00-00 00:00:00', 1),
(177, 14, 'Yin ma pin', '02311', 169, 1, '2016-02-24 23:44:14', '0000-00-00 00:00:00', 1),
(178, 13, 'Kyine tone', '06231', 170, 1, '2016-02-25 01:55:00', '0000-00-00 00:00:00', 1),
(179, 13, 'Mat man', '06461', 171, 1, '2016-02-25 01:56:31', '0000-00-00 00:00:00', 1),
(180, 13, 'Mine phyat', '06251', 172, 1, '2016-02-25 01:35:54', '0000-00-00 00:00:00', 1),
(181, 13, 'Mine sat', '06281', 173, 1, '2016-02-25 01:34:51', '0000-00-00 00:00:00', 1),
(182, 13, 'Mongkhet', '06471', 174, 1, '2016-02-25 01:34:31', '0000-00-00 00:00:00', 1),
(183, 13, 'Mine lar', '06232', 175, 1, '2016-02-25 01:55:49', '0000-00-00 00:00:00', 1),
(184, 13, 'Mine pyin', '06221', 176, 1, '2016-02-25 01:25:39', '0000-00-00 00:00:00', 1),
(185, 13, 'mine ton', '06291', 177, 1, '2016-02-25 01:24:34', '0000-00-00 00:00:00', 1),
(186, 13, 'Mine yan', '06241', 178, 1, '2016-02-25 01:23:01', '0000-00-00 00:00:00', 1),
(187, 13, 'mine yaung', '06261', 179, 1, '2016-02-25 01:23:44', '0000-00-00 00:00:00', 1),
(188, 13, 'Tachileik', '06271', 180, 1, '2016-02-21 23:22:29', '0000-00-00 00:00:00', 1),
(189, 12, 'Ann', '07151', 181, 1, '2016-02-25 03:03:07', '0000-00-00 00:00:00', 1),
(190, 12, 'Bu thi Taung', '07031', 182, 1, '2016-02-25 03:02:21', '0000-00-00 00:00:00', 1),
(191, 12, 'Gwa', '07181', 183, 1, '2016-02-25 03:01:13', '0000-00-00 00:00:00', 1),
(192, 12, 'Kyauk phyu', '07121', 184, 1, '2016-02-25 03:01:24', '0000-00-00 00:00:00', 1),
(193, 12, 'Kyauk taw', '07061', 185, 1, '2016-02-25 02:32:04', '0000-00-00 00:00:00', 1),
(194, 12, 'Min pyar', '07091', 186, 1, '2016-02-25 02:31:40', '0000-00-00 00:00:00', 1),
(195, 12, 'Myauk-Oo', '07101', 187, 1, '2016-02-25 02:30:00', '0000-00-00 00:00:00', 1),
(196, 12, 'Myan aung', '07141', 188, 1, '2016-02-25 02:29:19', '0000-00-00 00:00:00', 1),
(197, 12, 'myay pone', '07111', 189, 1, '2016-02-25 02:28:02', '0000-00-00 00:00:00', 1),
(198, 12, 'Pauk taw', '07081', 190, 1, '2016-02-25 02:24:34', '0000-00-00 00:00:00', 1),
(199, 12, 'Pon na gyun', '07051', 191, 1, '2016-02-25 02:22:07', '0000-00-00 00:00:00', 1),
(200, 12, 'yan byae ', '07131', 192, 1, '2016-02-25 02:21:29', '0000-00-00 00:00:00', 1),
(201, 12, 'Ya thay taung', '07041', 193, 1, '2016-02-25 02:18:57', '0000-00-00 00:00:00', 1),
(202, 12, 'Sittwe', '07011', 194, 1, '2016-02-25 02:17:56', '0000-00-00 00:00:00', 1),
(203, 12, 'Than dwe', '07171', 195, 1, '2016-02-25 02:10:17', '0000-00-00 00:00:00', 1),
(204, 12, 'Taung gote', '07161', 196, 1, '2016-02-25 02:01:47', '0000-00-00 00:00:00', 1),
(205, 12, 'Maung daw', '07021', 197, 1, '2016-02-25 02:08:42', '0000-00-00 00:00:00', 1),
(206, 9, 'Aunglan', '04151', 198, 1, '2016-02-26 01:23:38', '0000-00-00 00:00:00', 1),
(207, 9, 'Chauk', '04171', 199, 1, '2016-02-26 01:23:11', '0000-00-00 00:00:00', 1),
(208, 9, 'Gangaw', '04211', 200, 1, '2016-02-26 01:22:46', '0000-00-00 00:00:00', 1),
(209, 9, 'Kamma', '04111', 201, 1, '2016-02-26 01:22:23', '0000-00-00 00:00:00', 1),
(210, 9, 'Magway', '04011', 202, 1, '2016-02-26 01:17:47', '0000-00-00 00:00:00', 1),
(211, 9, 'Minbu', '04021', 203, 1, '2016-02-26 01:12:34', '0000-00-00 00:00:00', 1),
(212, 9, 'Mindon', '04101', 204, 1, '2016-02-26 00:41:19', '0000-00-00 00:00:00', 1),
(213, 9, 'Minhla', '04071', 205, 1, '2016-02-26 00:39:55', '0000-00-00 00:00:00', 1),
(214, 9, 'Myaing', '04191', 206, 1, '2016-02-26 00:39:27', '0000-00-00 00:00:00', 1),
(215, 9, 'Myothit', '04131', 207, 1, '2016-02-26 00:39:09', '0000-00-00 00:00:00', 1),
(216, 9, 'Natmauk', '04121', 208, 1, '2016-02-26 00:38:16', '0000-00-00 00:00:00', 1),
(217, 9, 'Ngape', '04061', 209, 1, '2016-02-26 00:37:56', '0000-00-00 00:00:00', 1),
(218, 9, 'Pakokku', '04201', 210, 1, '2016-02-26 00:37:38', '0000-00-00 00:00:00', 1),
(219, 9, 'Pauk', '04231', 211, 1, '2016-02-26 00:37:11', '0000-00-00 00:00:00', 1),
(220, 9, 'Pwintphyu', '04031', 212, 1, '2016-02-26 00:36:52', '0000-00-00 00:00:00', 1),
(221, 9, 'Htilin', '04221', 213, 1, '2016-02-26 00:36:13', '0000-00-00 00:00:00', 1),
(222, 9, 'Saw', '04241', 214, 1, '2016-02-26 00:35:12', '0000-00-00 00:00:00', 1),
(223, 9, 'Seikphyu', '04251', 215, 1, '2016-02-26 00:34:12', '0000-00-00 00:00:00', 1),
(224, 9, 'Sinbaungwe', '04081', 216, 1, '2016-02-26 00:30:15', '0000-00-00 00:00:00', 1),
(225, 9, 'Taungdwingyi', '04141', 217, 1, '2016-02-26 00:29:02', '0000-00-00 00:00:00', 1),
(226, 9, 'Thayet', '04091', 218, 1, '2016-02-26 00:28:44', '0000-00-00 00:00:00', 1),
(227, 9, 'Sidoktaya', '04051', 219, 1, '2016-02-26 00:28:21', '0000-00-00 00:00:00', 1),
(228, 9, 'Silin', '04041', 220, 1, '2016-02-26 00:27:52', '0000-00-00 00:00:00', 1),
(229, 9, 'Yenangyaung', '04161', 221, 1, '2016-02-26 00:26:30', '0000-00-00 00:00:00', 1),
(230, 9, 'Yesagyo', '04181', 222, 1, '2016-02-26 00:24:45', '0000-00-00 00:00:00', 1),
(231, 10, 'Amarapura', '05061', 223, 1, '2016-02-26 01:41:48', '0000-00-00 00:00:00', 1),
(232, 10, 'Aungmyaythazan', '05014', 224, 1, '2016-02-26 01:39:49', '0000-00-00 00:00:00', 1),
(233, 10, 'Chanayethazan', '04023', 225, 1, '2016-02-26 01:38:47', '0000-00-00 00:00:00', 1),
(234, 10, 'Chanmyathazi', '05041', 226, 1, '2016-02-26 01:37:35', '0000-00-00 00:00:00', 1),
(235, 10, 'Kyaukpadaung', '05241', 227, 1, '2016-02-26 01:37:03', '0000-00-00 00:00:00', 1),
(236, 10, 'Kyaukse', '05151', 228, 1, '2016-02-26 01:36:21', '0000-00-00 00:00:00', 1),
(237, 10, 'Lelwe', '05031', 229, 1, '2016-02-26 01:35:27', '0000-00-00 00:00:00', 1),
(238, 10, 'Madaya', '05121', 230, 1, '2016-02-26 01:34:02', '0000-00-00 00:00:00', 1),
(239, 10, 'Mahaaungmyay', '05015', 231, 1, '2016-02-26 01:32:38', '0000-00-00 00:00:00', 1),
(240, 10, 'Mahlaing', '05201', 232, 1, '2016-02-26 01:31:31', '0000-00-00 00:00:00', 1),
(241, 10, 'Meikhtila', '05021', 233, 1, '2016-02-26 01:31:08', '0000-00-00 00:00:00', 1),
(242, 10, 'Mogoke', '05091', 234, 1, '2016-02-26 01:30:10', '0000-00-00 00:00:00', 1),
(243, 10, 'Myingyan', '05251', 235, 1, '2016-02-26 01:29:31', '0000-00-00 00:00:00', 1),
(244, 10, 'Natogyi', '05261', 236, 1, '2016-02-26 01:28:57', '0000-00-00 00:00:00', 1),
(245, 10, 'Ngazun(á€„á€«á€”á€¹á€¸á€‡á€¼á€”á€¹á€¸)', '05281', 237, 1, '2016-02-26 01:28:25', '0000-00-00 00:00:00', 1),
(246, 10, 'Nyaung-U', '05231', 238, 1, '2016-02-25 04:45:30', '0000-00-00 00:00:00', 1),
(247, 10, 'Patheingyi', '05071', 239, 1, '2016-02-25 04:48:29', '0000-00-00 00:00:00', 1),
(248, 10, 'Pyaw bwe', '05211', 240, 1, '2016-02-25 04:44:58', '0000-00-00 00:00:00', 1),
(249, 10, 'Pyi gyi tagon', '05051', 241, 1, '2016-02-25 04:43:53', '0000-00-00 00:00:00', 1),
(250, 10, 'Pyinmana', '15012', 242, 1, '2016-02-25 04:39:37', '0000-00-00 00:00:00', 1),
(251, 10, 'Pyinoolwin', '05081', 243, 1, '2016-02-25 04:36:20', '0000-00-00 00:00:00', 1),
(252, 10, 'Sint ku', '05111', 244, 1, '2016-02-25 04:34:27', '0000-00-00 00:00:00', 1),
(253, 10, 'Sint kaing', '05141', 245, 1, '2016-02-25 04:33:58', '0000-00-00 00:00:00', 1),
(254, 10, 'Thada-U', '05131', 246, 1, '2016-02-25 04:33:19', '0000-00-00 00:00:00', 1),
(255, 10, 'Tat kone', '15021', 247, 1, '2016-02-25 04:17:34', '0000-00-00 00:00:00', 1),
(256, 10, 'Taung thar', '05271', 248, 1, '2016-02-25 04:16:34', '0000-00-00 00:00:00', 1),
(257, 10, 'Thabeikkyin', '05101', 249, 1, '2016-02-25 04:16:04', '0000-00-00 00:00:00', 1),
(258, 10, 'Thar si', '05191', 250, 1, '2016-02-25 04:15:35', '0000-00-00 00:00:00', 1),
(259, 10, 'Wundwin', '05171', 251, 1, '2016-02-25 04:14:56', '0000-00-00 00:00:00', 1),
(260, 10, 'Yamethin', '05221', 252, 1, '2016-02-25 04:14:41', '0000-00-00 00:00:00', 1),
(261, 8, 'Hlaingbwe', '13041', 253, 1, '2016-02-26 00:23:10', '0000-00-00 00:00:00', 1),
(262, 8, 'Hpa-An', '13011', 254, 1, '2016-02-26 00:22:36', '0000-00-00 00:00:00', 1),
(263, 8, 'Hpapun', '13031', 255, 1, '2016-02-26 00:22:11', '0000-00-00 00:00:00', 1),
(264, 8, 'Kawkareik', '13061', 256, 1, '2016-02-26 00:21:41', '0000-00-00 00:00:00', 1),
(265, 8, 'Kyain Seikgyi', '13071', 257, 1, '2016-02-26 00:20:59', '0000-00-00 00:00:00', 1),
(266, 8, 'Myawaddy', '13051', 258, 1, '2016-02-26 00:20:30', '0000-00-00 00:00:00', 1),
(267, 8, 'Thandaung', '13024', 259, 1, '2016-02-26 00:20:09', '0000-00-00 00:00:00', 1),
(268, 7, 'Bawlakhe', '09041', 260, 1, '2016-02-26 00:18:46', '0000-00-00 00:00:00', 1),
(269, 7, 'Demoso', '09021', 261, 1, '2016-02-26 00:18:16', '0000-00-00 00:00:00', 1),
(270, 7, 'Hpasawng', '09051', 262, 1, '2016-02-26 00:16:21', '0000-00-00 00:00:00', 1),
(271, 7, 'Hpruso', '09031', 263, 1, '2016-02-26 00:13:06', '0000-00-00 00:00:00', 1),
(272, 7, 'Loikaw', '09011', 264, 1, '2016-02-26 00:12:09', '0000-00-00 00:00:00', 1),
(273, 7, 'Mese', '09061', 265, 1, '2016-02-26 00:11:44', '0000-00-00 00:00:00', 1),
(274, 7, 'Shadaw', '09071', 266, 1, '2016-02-26 00:11:23', '0000-00-00 00:00:00', 1),
(275, 4, 'Bhamaw', '01131', 267, 1, '2016-02-25 03:07:02', '0000-00-00 00:00:00', 1),
(276, 4, 'Chipwi', '01071', 268, 1, '2016-02-25 03:05:07', '0000-00-00 00:00:00', 1),
(277, 4, 'Hpakant', '01161', 269, 1, '2016-02-25 03:06:37', '0000-00-00 00:00:00', 1),
(279, 4, 'Kawnglanghphu', '01181', 271, 1, '2016-02-25 03:02:18', '0000-00-00 00:00:00', 1),
(280, 4, 'Machanbaw', '01041', 272, 1, '2016-02-25 02:57:56', '0000-00-00 00:00:00', 1),
(281, 4, 'Mansi', '01141', 273, 1, '2016-02-25 02:54:55', '0000-00-00 00:00:00', 1),
(282, 4, 'Moekaung', '01103', 274, 1, '2016-02-25 02:54:27', '0000-00-00 00:00:00', 1),
(283, 4, 'Mohnyin', '01111', 275, 1, '2016-02-25 02:53:38', '0000-00-00 00:00:00', 1),
(284, 4, 'Momauk', '01151', 276, 1, '2016-02-25 02:52:56', '0000-00-00 00:00:00', 1),
(285, 4, 'Myitkyina', '01011', 277, 1, '2016-02-25 02:52:20', '0000-00-00 00:00:00', 1),
(286, 4, 'Naungmon', '01031', 278, 1, '2016-02-25 03:12:44', '0000-00-00 00:00:00', 1),
(287, 4, 'Puta-O', '01051', 279, 1, '2016-02-25 02:49:47', '0000-00-00 00:00:00', 1),
(288, 4, 'Shwegu', '01121', 280, 1, '2016-02-25 02:49:22', '0000-00-00 00:00:00', 1),
(289, 4, 'Sumprabum', '01061', 281, 1, '2016-02-25 02:48:35', '0000-00-00 00:00:00', 1),
(290, 4, 'Tanai', '01091', 282, 1, '2016-02-25 02:48:07', '0000-00-00 00:00:00', 1),
(291, 4, 'Tsawlaw', '01171', 283, 1, '2016-02-25 02:47:42', '0000-00-00 00:00:00', 1),
(292, 4, 'Waingmaw', '01081', 284, 1, '2016-02-25 02:46:33', '0000-00-00 00:00:00', 1),
(293, 3, 'Monyo', '08241', 285, 1, '2016-02-25 02:42:18', '0000-00-00 00:00:00', 1),
(294, 3, 'Nattalin', '08211', 286, 1, '2016-02-25 02:36:40', '0000-00-00 00:00:00', 1),
(295, 3, 'Okpho', '08251', 287, 1, '2016-02-25 02:36:05', '0000-00-00 00:00:00', 1),
(296, 3, 'Padaung', '08171', 288, 1, '2016-02-25 02:35:36', '0000-00-00 00:00:00', 1),
(297, 3, 'Pauk Khaung', '08161', 289, 1, '2016-02-25 02:34:55', '0000-00-00 00:00:00', 1),
(298, 3, 'Paungde', '08201', 290, 1, '2016-02-25 02:34:16', '0000-00-00 00:00:00', 1),
(299, 3, 'Pyay', '08151', 291, 1, '2016-02-25 02:32:36', '0000-00-00 00:00:00', 1),
(300, 3, 'Shwedaung', '08181', 292, 1, '2016-02-25 02:31:45', '0000-00-00 00:00:00', 1),
(301, 3, 'Tharyarwady', '08281', 293, 1, '2016-02-25 02:30:49', '0000-00-00 00:00:00', 1),
(302, 3, 'Thelgon', '08191', 294, 1, '2016-02-25 02:29:32', '0000-00-00 00:00:00', 1),
(303, 3, 'Zigon', '08221', 295, 1, '2016-02-25 02:28:15', '0000-00-00 00:00:00', 1),
(304, 2, 'Kawa', '08091', 296, 1, '2016-02-25 02:22:04', '0000-00-00 00:00:00', 1),
(305, 2, 'Kyaukkyi', '08041', 297, 1, '2016-02-25 02:21:33', '0000-00-00 00:00:00', 1),
(306, 2, 'Kyauktagar', '08021', 298, 1, '2016-02-25 02:19:56', '0000-00-00 00:00:00', 1),
(307, 2, 'Nyaunglaybin', '08031', 299, 1, '2016-02-25 02:19:13', '0000-00-00 00:00:00', 1),
(308, 2, 'Oktwin', '08121', 300, 1, '2016-02-25 02:18:18', '0000-00-00 00:00:00', 1),
(310, 2, 'Shwekyin', '08051', 302, 1, '2016-02-25 02:11:05', '0000-00-00 00:00:00', 1),
(311, 2, 'Htantabin', '08131', 303, 1, '2016-02-25 02:08:10', '0000-00-00 00:00:00', 1),
(312, 2, 'Taungoo', '08101', 304, 1, '2016-02-25 02:07:16', '0000-00-00 00:00:00', 1),
(313, 2, 'Thanatpin', '08081', 305, 1, '2016-02-25 01:55:56', '0000-00-00 00:00:00', 1),
(314, 2, 'Waw', '08071', 306, 1, '2016-02-25 01:55:17', '0000-00-00 00:00:00', 1),
(315, 2, 'Yedashe', '08111', 307, 1, '2016-02-25 01:54:48', '0000-00-00 00:00:00', 1),
(316, 1, 'Daedaeyee', '10261', 308, 1, '2016-02-25 01:47:45', '0000-00-00 00:00:00', 1),
(317, 1, 'Eainmae', '10191', 309, 1, '2016-02-25 01:46:14', '0000-00-00 00:00:00', 1),
(318, 1, 'Hinthada', '10061', 310, 1, '2016-02-25 01:45:31', '0000-00-00 00:00:00', 1),
(319, 1, 'Ingapu', '10051', 311, 1, '2016-02-25 01:44:40', '0000-00-00 00:00:00', 1),
(320, 1, 'Kangyidaunt', '10021', 312, 1, '2016-02-25 01:43:41', '0000-00-00 00:00:00', 1),
(321, 1, 'Kyaiklatt', '102401', 313, 1, '2016-02-25 01:50:21', '0000-00-00 00:00:00', 1),
(322, 1, 'Kyangin', '10031', 314, 1, '2016-02-25 01:40:55', '0000-00-00 00:00:00', 1),
(323, 1, 'Kyaunggone', '10101', 315, 1, '2016-02-25 01:35:53', '0000-00-00 00:00:00', 1),
(324, 1, 'Kyonpyaw', '10091', 316, 1, '2016-02-25 01:35:08', '0000-00-00 00:00:00', 1),
(325, 1, 'Latputtar', '101201', 317, 1, '2016-02-25 01:34:34', '0000-00-00 00:00:00', 1),
(326, 1, 'Laymyatnar', '10071', 318, 1, '2016-02-25 01:33:49', '0000-00-00 00:00:00', 1),
(327, 1, 'Maubin', '10181', 319, 1, '2016-02-25 01:30:43', '0000-00-00 00:00:00', 1),
(328, 1, 'Mawlamyinegyun', '10221', 320, 1, '2016-02-25 01:27:48', '0000-00-00 00:00:00', 1),
(329, 1, 'Myanaung', '10041', 321, 1, '2016-02-25 01:26:47', '0000-00-00 00:00:00', 1),
(330, 1, 'Myaungmya', '10211', 322, 1, '2016-02-25 01:26:04', '0000-00-00 00:00:00', 1),
(331, 1, 'Ngapudaw', '10131', 323, 1, '2016-02-25 01:25:19', '0000-00-00 00:00:00', 1),
(332, 1, 'Nyaungdon', '10161', 324, 1, '2016-02-25 01:24:05', '0000-00-00 00:00:00', 1),
(333, 1, 'Pantanaw', '10171', 325, 1, '2016-02-25 01:23:23', '0000-00-00 00:00:00', 1),
(334, 1, 'Pathein', '10011', 326, 1, '2016-02-25 01:22:47', '0000-00-00 00:00:00', 1),
(335, 1, 'Pharpon', '10251', 327, 1, '2016-02-25 01:22:18', '0000-00-00 00:00:00', 1),
(336, 1, 'Tharbaung', '101101', 328, 1, '2016-02-25 01:21:12', '0000-00-00 00:00:00', 1),
(337, 1, 'Wakema', '10201', 329, 1, '2016-02-25 01:20:10', '0000-00-00 00:00:00', 1),
(338, 1, 'Yegyi', '10081', 330, 1, '2016-02-25 01:19:35', '0000-00-00 00:00:00', 1),
(339, 1, 'Zalun', '10141', 331, 1, '2016-02-25 01:18:14', '0000-00-00 00:00:00', 1),
(340, 6, 'Mingalartaungnyunt', '11221', 332, 1, '2016-02-25 04:01:52', '0000-00-00 00:00:00', 1),
(341, 6, 'Kyauktada', '11182', 333, 1, '2016-02-25 04:00:59', '0000-00-00 00:00:00', 1),
(342, 6, 'Lanmadaw', '11131', 334, 1, '2016-02-25 03:59:53', '0000-00-00 00:00:00', 1),
(343, 3, 'Minhla', '08261', 335, 1, '2016-02-25 02:25:57', '0000-00-00 00:00:00', 1),
(345, 18, 'Dummy', '000000', 337, 1, '2016-03-09 00:11:19', '0000-00-00 00:00:00', 71),
(346, 17, 'Dummy', '00000', 338, 1, '2016-03-05 15:49:54', '0000-00-00 00:00:00', 71),
(347, 16, 'Dummy', '00000', 339, 1, '2016-03-05 15:50:32', '0000-00-00 00:00:00', 71),
(348, 15, 'Dummy', '00000', 340, 1, '2016-03-05 15:51:11', '0000-00-00 00:00:00', 71),
(349, 14, 'Dummy', '00000', 341, 1, '2016-03-05 15:51:44', '0000-00-00 00:00:00', 71),
(350, 13, 'Dummy', '00000', 342, 1, '2016-03-05 15:52:14', '0000-00-00 00:00:00', 71),
(351, 12, 'Dummy', '000000', 343, 1, '2016-03-05 10:22:57', '0000-00-00 00:00:00', 71),
(352, 11, 'Dummy', '00000', 344, 1, '2016-03-05 15:53:29', '0000-00-00 00:00:00', 71),
(353, 10, 'dummy', '00000', 345, 1, '2016-03-05 15:57:20', '0000-00-00 00:00:00', 71),
(354, 9, 'dummy', '00000', 346, 1, '2016-03-05 15:58:08', '0000-00-00 00:00:00', 71),
(355, 8, 'Dummy', '00000', 347, 1, '2016-03-05 15:58:21', '0000-00-00 00:00:00', 71),
(356, 7, 'dummy', '00000', 348, 1, '2016-03-05 15:59:00', '0000-00-00 00:00:00', 71),
(357, 6, 'Dummy', '00000', 349, 1, '2016-03-05 15:59:17', '0000-00-00 00:00:00', 71),
(358, 5, 'dummy', '00000', 350, 1, '2016-03-05 15:59:50', '0000-00-00 00:00:00', 71),
(359, 4, 'dummy', '00000', 351, 1, '2016-03-05 16:00:39', '0000-00-00 00:00:00', 71),
(360, 3, 'dummy', '00000', 352, 1, '2016-03-05 16:01:24', '0000-00-00 00:00:00', 71),
(361, 2, 'dummy', '00000', 353, 1, '2016-03-05 16:02:01', '0000-00-00 00:00:00', 71),
(362, 1, 'dummy', '00000', 354, 1, '2016-03-05 16:02:48', '0000-00-00 00:00:00', 71),
(363, 6, 'Tamwe', '11211', 355, 1, '2016-03-14 06:44:11', '0000-00-00 00:00:00', 82),
(364, 10, 'Mandalay', '00000', 356, 1, '2016-03-14 06:48:26', '0000-00-00 00:00:00', 82),
(365, 2, 'Phyuu', '08141', 357, 1, '2016-03-21 09:35:07', '0000-00-00 00:00:00', 82),
(366, 19, 'Nay Pyi Taw', '15011', 358, 1, '2016-03-21 11:26:04', '0000-00-00 00:00:00', 82);

-- --------------------------------------------------------

--
-- Table structure for table `inv_usage_category`
--

CREATE TABLE IF NOT EXISTS `inv_usage_category` (
  `id` int(22) NOT NULL AUTO_INCREMENT,
  `usage_category_name` varchar(22) NOT NULL,
  `category_id` int(11) NOT NULL,
  `status` int(11) NOT NULL,
  `created_by` varchar(22) NOT NULL,
  `created_date` date NOT NULL,
  `modified_by` varchar(22) NOT NULL,
  `modified_date` date NOT NULL,
  PRIMARY KEY (`id`)
) ENGINE=InnoDB  DEFAULT CHARSET=latin1 AUTO_INCREMENT=11 ;

--
-- Dumping data for table `inv_usage_category`
--

INSERT INTO `inv_usage_category` (`id`, `usage_category_name`, `category_id`, `status`, `created_by`, `created_date`, `modified_by`, `modified_date`) VALUES
(8, 'TAM', 44, 1, '', '2016-06-13', '', '2016-06-13'),
(9, 'KAMAL', 46, 1, '', '2016-06-13', '', '0000-00-00'),
(10, 'MKIASL', 0, 1, '', '2016-06-13', '', '0000-00-00');

-- --------------------------------------------------------

--
-- Table structure for table `inv_users`
--

CREATE TABLE IF NOT EXISTS `inv_users` (
  `id` int(22) NOT NULL AUTO_INCREMENT,
  `name` varchar(100) NOT NULL,
  `username` varchar(100) NOT NULL,
  `password` varchar(100) NOT NULL,
  `usertype` varchar(100) NOT NULL,
  `store_id` int(22) NOT NULL,
  `status` int(11) NOT NULL,
  `created_by` varchar(22) NOT NULL,
  `created_date` date NOT NULL,
  `modified_by` varchar(22) NOT NULL,
  `modified_date` date NOT NULL,
  PRIMARY KEY (`id`)
) ENGINE=InnoDB  DEFAULT CHARSET=latin1 AUTO_INCREMENT=9 ;

--
-- Dumping data for table `inv_users`
--

INSERT INTO `inv_users` (`id`, `name`, `username`, `password`, `usertype`, `store_id`, `status`, `created_by`, `created_date`, `modified_by`, `modified_date`) VALUES
(2, 'mohit Kumar', 'mohit@gmail.com', '202cb962ac59075b964b07152d234b70', 'admin', 6, 1, '', '2016-06-11', '', '2016-06-11'),
(8, 'RAM', 'jackson@gmail.com', '202cb962ac59075b964b07152d234b70', 'staff', 6, 1, '', '2016-06-11', '', '2016-06-15');

/*!40101 SET CHARACTER_SET_CLIENT=@OLD_CHARACTER_SET_CLIENT */;
/*!40101 SET CHARACTER_SET_RESULTS=@OLD_CHARACTER_SET_RESULTS */;
/*!40101 SET COLLATION_CONNECTION=@OLD_COLLATION_CONNECTION */;
